หัวข้อ,ลิงก์เต็ม
บทที่ ๑: บทนำ,https://phyblas.hinaboshi.com/kumo01
บทที่ ๒: คำสั่งสำหรับสร้างภาพ,https://phyblas.hinaboshi.com/kumo02
บทที่ ๓: การสร้างและจัดวางวัตถุในภาพ,https://phyblas.hinaboshi.com/kumo03
บทที่ ๔: การจัดกลุ่มและวางวัตถุเป็นตาราง,https://phyblas.hinaboshi.com/kumo04
บทที่ ๕: การทำให้ภาพเคลื่อนไหวเปลี่ยนแปลง,https://phyblas.hinaboshi.com/kumo05
บทที่ ๖: การย่อขยายยืดหดวัตถุ,https://phyblas.hinaboshi.com/kumo06
บทที่ ๗: การจัดการสีและความโปร่งใส,https://phyblas.hinaboshi.com/kumo07
บทที่ ๘: การทำให้วัตถุปรากฏและหายไป,https://phyblas.hinaboshi.com/kumo08
บทที่ ๙: การแปลงร่างไปมาระหว่างวัตถุ,https://phyblas.hinaboshi.com/kumo09
บทที่ ๑๐: การหมุนหรือบิดแปรวัตถุ,https://phyblas.hinaboshi.com/kumo10
บทที่ ๑๑: การแปลงตำแหน่งจุดต่างๆของวัตถุโดยใช้ฟังก์ชัน,https://phyblas.hinaboshi.com/kumo11
บทที่ ๑๒: การใส่เส้น,https://phyblas.hinaboshi.com/kumo12
บทที่ ๑๓: การใส่วงกลมและส่วนของวงกลม,https://phyblas.hinaboshi.com/kumo13
บทที่ ๑๔: การใส่รูปหลายเหลี่ยม,https://phyblas.hinaboshi.com/kumo14
บทที่ ๑๕: การใส่ลูกศร,https://phyblas.hinaboshi.com/kumo15
บทที่ ๑๖: การปรับแต่งตัวหนังสือ,https://phyblas.hinaboshi.com/kumo16
บทที่ ๑๗: การใส่สูตรสมการทางคณิตศาสตร์,https://phyblas.hinaboshi.com/kumo17
บทที่ ๑๘: การทำให้วัตถุสร้างใหม่ทุกเฟรมหรือเปลี่ยนแปลงไปตามวัตถุอื่น,https://phyblas.hinaboshi.com/kumo18
บทที่ ๑๙: การใส่ระบบพิกัดและแกนกราฟ,https://phyblas.hinaboshi.com/kumo19
บทที่ ๒๐: การวาดเส้นกราฟและแผนภูมิแท่ง,https://phyblas.hinaboshi.com/kumo20
